Implication;Domains
Algorithmic Bias;Medical & Health Sciences, Business & Economics, Social Sciences & Humanities, Engineering & Technology, Design & Creative Arts, Natural Sciences, Computer Science & Data, Applied Sciences & Vocational Fields, 
Data Privacy Concerns;Medical & Health Sciences, Engineering & Technology, Business & Economics, Social Sciences & Humanities, Design & Creative Arts, Natural Sciences, Computer Science & Data, Applied Sciences & Vocational Fields, 
Job Displacement Due to Automation;Engineering & Technology, Business & Economics, Social Sciences & Humanities, Applied Sciences & Vocational Fields, Computer Science & Data, Design & Creative Arts, Natural Sciences, Medical & Health Sciences, 
Transparency Issues;Medical & Health Sciences, Engineering & Technology, Business & Economics, Social Sciences & Humanities, Design & Creative Arts, Natural Sciences, Computer Science & Data, Applied Sciences & Vocational Fields, 
Legal Compliance;Medical & Health Sciences, Engineering & Technology, Business & Economics, Social Sciences & Humanities, Design & Creative Arts, Natural Sciences, Computer Science & Data, Applied Sciences & Vocational Fields, 
Liability for AI Errors;Medical & Health Sciences, Engineering & Technology, Business & Economics, Social Sciences & Humanities, Design & Creative Arts, Natural Sciences, Computer Science & Data, Applied Sciences & Vocational Fields, 
Need for Workforce Retraining;Engineering & Technology, Business & Economics, Social Sciences & Humanities, Applied Sciences & Vocational Fields, Computer Science & Data, Design & Creative Arts, Natural Sciences, Medical & Health Sciences, 
Ensuring Fairness;Medical & Health Sciences, Engineering & Technology, Business & Economics, Social Sciences & Humanities, Design & Creative Arts, Natural Sciences, Computer Science & Data, Applied Sciences & Vocational Fields, 
Misuse of AI;Medical & Health Sciences, Engineering & Technology, Business & Economics, Social Sciences & Humanities, Design & Creative Arts, Natural Sciences, Computer Science & Data, Applied Sciences & Vocational Fields, 
Impact on Human Interaction;Medical & Health Sciences, Engineering & Technology, Business & Economics, Social Sciences & Humanities, Design & Creative Arts, Natural Sciences, Computer Science & Data, Applied Sciences & Vocational Fields, 
